<?xml version="1.0" encoding="UTF-8"?>
<site>
   <feature url="features/org.eclipse.ziggurat.feature_0.0.1.201411051604.jar" id="org.eclipse.ziggurat.feature" version="0.0.1.201411051604">
      <category name="Common"/>
   </feature>
   <feature url="features/org.eclipse.pdw.core.features_0.0.1.201411051604.jar" id="org.eclipse.pdw.core.features" version="0.0.1.201411051604">
      <category name="PDW"/>
   </feature>
   <feature url="features/org.eclipse.pdw.examples.features_0.0.1.201411051604.jar" id="org.eclipse.pdw.examples.features" version="0.0.1.201411051604">
      <category name="PDW"/>
   </feature>
   <feature url="features/org.eclipse.pdw.papyrus.features_0.0.1.201411051604.jar" id="org.eclipse.pdw.papyrus.features" version="0.0.1.201411051604">
      <category name="PDW"/>
   </feature>
   <category-def name="PDW" label="PDW"/>
   <category-def name="Common" label="Common"/>
</site>
