<?xml version="1.0" encoding="UTF-8"?>
<site>
   <feature url="features/org.topcased.simulation.feature_3.0.0.201403271439.jar" id="org.topcased.simulation.feature" version="3.0.0.201403271439">
      <category name="TOPCASED Simulation Kepler"/>
   </feature>
   <feature url="features/org.topcased.simulation.uml.feature_3.0.0.201403271439.jar" id="org.topcased.simulation.uml.feature" version="3.0.0.201403271439">
      <category name="TOPCASED Simulation Kepler"/>
   </feature>
   <feature url="features/org.topcased.facilities.feature_1.0.0.201403271439.jar" id="org.topcased.facilities.feature" version="1.0.0.201403271439">
      <category name="TOPCASED facilities Kepler"/>
   </feature>
   <feature url="features/org.topcased.papyrusintegration.additionalresources.feature_1.0.0.201403271439.jar" id="org.topcased.papyrusintegration.additionalresources.feature" version="1.0.0.201403271439">
      <category name="TOPCASED Additional Resources Kepler"/>
   </feature>
   <category-def name="TOPCASED Simulation Kepler" label="TOPCASED Simulation Kepler"/>
   <category-def name="TOPCASED facilities Kepler" label="TOPCASED facilities Kepler"/>
   <category-def name="TOPCASED Additional Resources Kepler" label="TOPCASED Additional Resources Kepler"/>
</site>
